{
    "0": [
        0,
        0
    ],
    "1": [
        0,
        0
    ],
    "2": [
        0,
        0
    ],
    "3": [
        0,
        0
    ],
    "4": [
        0,
        0
    ],
    "5": [
        0,
        0
    ],
    "6": [
        1766913234.9312131,
        1766913833.119809
    ],
    "last_checked": 1766913803.0887632
}