{
    "0": [
        0,
        0
    ],
    "1": [
        0,
        0
    ],
    "2": [
        0,
        0
    ],
    "3": [
        0,
        0
    ],
    "4": [
        0,
        0
    ],
    "5": [
        1759547932.9441495,
        1759548686.5935297
    ],
    "6": [
        0,
        0
    ],
    "last_checked": 1759548656.5897791
}