{
    "0": [
        0,
        0
    ],
    "1": [
        0,
        0
    ],
    "2": [
        1763485297.5050693,
        1763485909.2115655
    ],
    "3": [
        0,
        0
    ],
    "4": [
        0,
        0
    ],
    "5": [
        1763784435.6470768,
        1763784654.855977
    ],
    "6": [
        0,
        0
    ],
    "last_checked": 1763784654.8554616
}