{
    "0": [
        1757317579.9692874,
        1758539865.9975255
    ],
    "1": [
        1757389558.2198973,
        1757956134.4566643
    ],
    "2": [
        0,
        0
    ],
    "3": [
        0,
        0
    ],
    "4": [
        1757669142.415026,
        1757673871.5102015
    ],
    "5": [
        1757747592.7371492,
        1758352335.5168104
    ],
    "6": [
        1758448068.873178,
        1758451385.3514657
    ],
    "last_checked": 1758539805.9921858
}