{
    "0": [
        1757317579.9692874,
        1757324825.7377179
    ],
    "1": [
        1757389558.2198973,
        1757437195.591551
    ],
    "2": [
        0,
        0
    ],
    "3": [
        0,
        0
    ],
    "4": [
        1757669142.415026,
        1757671519.4026303
    ],
    "5": [
        0,
        0
    ],
    "6": [
        0,
        0
    ],
    "last_checked": 1757671474.395021
}