{
    "0": [
        1771256098.6791253,
        1771256428.7148926
    ],
    "1": [
        1770126277.8962739,
        1770126292.8986852
    ],
    "2": [
        1770178148.934416,
        1771406153.0785885
    ],
    "3": [
        1770224534.2536051,
        1770264373.924899
    ],
    "4": [
        1769771916.6107535,
        1770365722.9443102
    ],
    "5": [
        0,
        0
    ],
    "6": [
        1769914427.899037,
        1769914473.7467732
    ],
    "last_checked": 1771406063.0232277
}