{
    "0": [
        0,
        0
    ],
    "1": [
        0,
        0
    ],
    "2": [
        1765345755.0615413,
        1765358267.7619302
    ],
    "3": [
        1765450141.1340714,
        1765450141.1340714
    ],
    "4": [
        1764946586.7880545,
        1764951427.4111626
    ],
    "5": [
        1764957881.7276807,
        1765024631.66569
    ],
    "6": [
        0,
        0
    ],
    "last_checked": 1765450141.1250865
}