{
    "0": [
        0,
        0
    ],
    "1": [
        1776741559.7303388,
        1776788240.698499
    ],
    "2": [
        0,
        0
    ],
    "3": [
        1776920358.32921,
        1776946041.881259
    ],
    "4": [
        0,
        0
    ],
    "5": [
        0,
        0
    ],
    "6": [
        0,
        0
    ],
    "last_checked": 1776945936.8116653
}