{
    "0": [
        0,
        0
    ],
    "1": [
        0,
        0
    ],
    "2": [
        0,
        0
    ],
    "3": [
        0,
        0
    ],
    "4": [
        1760679308.7698364,
        1760679383.4821103
    ],
    "5": [
        1760795590.7239523,
        1760797272.6176162
    ],
    "6": [
        0,
        0
    ],
    "last_checked": 1760797272.6170938
}