{
    "0": [
        0,
        0
    ],
    "1": [
        0,
        0
    ],
    "2": [
        0,
        0
    ],
    "3": [
        0,
        0
    ],
    "4": [
        1764946586.7880545,
        1764949407.0483289
    ],
    "5": [
        0,
        0
    ],
    "6": [
        0,
        0
    ],
    "last_checked": 1764949362.0111954
}