{
    "0": [
        1757317579.9692874,
        1757955242.5905397
    ],
    "1": [
        1757389558.2198973,
        1757956134.4566643
    ],
    "2": [
        0,
        0
    ],
    "3": [
        0,
        0
    ],
    "4": [
        1757669142.415026,
        1757673871.5102015
    ],
    "5": [
        1757747592.7371492,
        1757778649.2764306
    ],
    "6": [
        0,
        0
    ],
    "last_checked": 1757956089.4512324
}