{
    "0": [
        0,
        0
    ],
    "1": [
        0,
        0
    ],
    "2": [
        0,
        0
    ],
    "3": [
        0,
        0
    ],
    "4": [
        1764946586.7880545,
        1764951427.4111626
    ],
    "5": [
        1764957881.7276807,
        1765022818.7206593
    ],
    "6": [
        0,
        0
    ],
    "last_checked": 1765022758.670713
}