{
    "0": [
        1779078138.6684465,
        1779078153.6767943
    ],
    "1": [
        0,
        0
    ],
    "2": [
        0,
        0
    ],
    "3": [
        0,
        0
    ],
    "4": [
        1778846762.1907508,
        1778847983.5678897
    ],
    "5": [
        0,
        0
    ],
    "6": [
        0,
        0
    ],
    "last_checked": 1779078138.6610856
}