{
    "0": [
        1760898206.272804,
        1760944879.626523
    ],
    "1": [
        0,
        0
    ],
    "2": [
        0,
        0
    ],
    "3": [
        0,
        0
    ],
    "4": [
        1760679308.7698364,
        1760679383.4821103
    ],
    "5": [
        1760795590.7239523,
        1760797958.4805183
    ],
    "6": [
        1760809725.5276668,
        1760874987.3483162
    ],
    "last_checked": 1760944849.6251585
}