{
    "0": [
        1757317579.9692874,
        1757318205.9123366
    ],
    "1": [
        0,
        0
    ],
    "2": [
        0,
        0
    ],
    "3": [
        0,
        0
    ],
    "4": [
        0,
        0
    ],
    "5": [
        0,
        0
    ],
    "6": [
        0,
        0
    ],
    "last_checked": 1757318055.8893068
}