{
    "0": [
        0,
        0
    ],
    "1": [
        1770126277.8962739,
        1770126292.8986852
    ],
    "2": [
        0,
        0
    ],
    "3": [
        0,
        0
    ],
    "4": [
        1769771916.6107535,
        1769772448.064616
    ],
    "5": [
        0,
        0
    ],
    "6": [
        1769914427.899037,
        1769914473.7467732
    ],
    "last_checked": 1770126277.8752663
}