{
    "0": [
        1757317579.9692874,
        1757324825.7377179
    ],
    "1": [
        1757389558.2198973,
        1757412012.5831194
    ],
    "2": [
        0,
        0
    ],
    "3": [
        0,
        0
    ],
    "4": [
        0,
        0
    ],
    "5": [
        0,
        0
    ],
    "6": [
        0,
        0
    ],
    "last_checked": 1757411292.5088115
}