{
    "0": [
        0,
        0
    ],
    "1": [
        0,
        0
    ],
    "2": [
        1763485297.5050693,
        1763485669.4641688
    ],
    "3": [
        0,
        0
    ],
    "4": [
        0,
        0
    ],
    "5": [
        0,
        0
    ],
    "6": [
        0,
        0
    ],
    "last_checked": 1763485669.4635909
}