{
    "0": [
        0,
        0
    ],
    "1": [
        0,
        0
    ],
    "2": [
        0,
        0
    ],
    "3": [
        0,
        0
    ],
    "4": [
        0,
        0
    ],
    "5": [
        0,
        0
    ],
    "6": [
        1781978789.5129635,
        1782020703.0913966
    ],
    "last_checked": 1782020643.0462363
}