{
    "0": [
        1760898206.272804,
        1760944879.626523
    ],
    "1": [
        1761027268.9466538,
        1761027298.94744
    ],
    "2": [
        0,
        0
    ],
    "3": [
        1761233249.9165606,
        1761233568.641875
    ],
    "4": [
        1760679308.7698364,
        1760679383.4821103
    ],
    "5": [
        1760795590.7239523,
        1761407000.9438958
    ],
    "6": [
        1760809725.5276668,
        1761470073.779612
    ],
    "last_checked": 1761470043.777954
}