{
    "0": [
        0,
        0
    ],
    "1": [
        0,
        0
    ],
    "2": [
        1772600377.9616954,
        1772600513.0393605
    ],
    "3": [
        0,
        0
    ],
    "4": [
        0,
        0
    ],
    "5": [
        0,
        0
    ],
    "6": [
        0,
        0
    ],
    "last_checked": 1772600377.952547
}