{
    "0": [
        0,
        0
    ],
    "1": [
        1776741559.7303388,
        1776788240.698499
    ],
    "2": [
        0,
        0
    ],
    "3": [
        0,
        0
    ],
    "4": [
        0,
        0
    ],
    "5": [
        0,
        0
    ],
    "6": [
        0,
        0
    ],
    "last_checked": 1776788195.66563
}