{
    "0": [
        1783957247.2811894,
        1783958042.4993267
    ],
    "1": [
        0,
        0
    ],
    "2": [
        0,
        0
    ],
    "3": [
        0,
        0
    ],
    "4": [
        0,
        0
    ],
    "5": [
        0,
        0
    ],
    "6": [
        0,
        0
    ],
    "last_checked": 1783957667.4509215
}